bid_id,nama_pembeli,kontak_pembeli,iklan_id,tanggal_penawaran,harga_penawaran,status_penawaran
1,"Tgk. Kenes Uwais, S.Psi",+62 (0964) 197-4117,1,2022-07-06,207338137,sent
2,Ina Prastuti,+62 (0074) 578-2932,39,2022-04-22,290214698,sent
3,Balijan Astuti,0852180928,49,2022-12-29,255566891,sent
4,"Cut Hesti Nasyidah, S.Ked",(079) 050 9762,36,2022-05-30,213837134,sent
5,"Hj. Shakila Wijayanti, S.Ked",+62 (93) 203 2492,23,2022-12-15,215482175,sent
6,"R.A. Eva Wibisono, M.Ak",0872652784,25,2022-09-12,169886561,sent
7,Salsabila Sinaga,(0961) 142-1266,19,2022-11-29,170054306,sent
8,Maya Prasetya,(0796) 324-3273,44,2022-12-31,216202905,sent
9,Harjasa Kurniawan,+62 (09) 624-7259,41,2023-01-09,255162409,sent
10,"R. Anastasia Saragih, M.TI.",+62-14-925-8462,32,2022-06-21,289651937,sent
11,Kanda Nababan,+62-595-162-1663,9,2022-09-23,246556946,sent
12,Kenzie Situmorang,+62-092-458-8321,6,2023-01-06,274438064,sent
13,R. Michelle Wijaya,+62 (07) 299-9815,4,2022-03-06,228358810,sent
14,"R. Danuja Firmansyah, S.T.",+62 (509) 480 2749,7,2022-03-23,154539256,sent
15,Clara Laksmiwati,+62 (085) 444-0904,40,2022-06-23,259085102,sent
16,"R. Kezia Fujiati, M.M.",0818184207,17,2022-09-09,180957516,sent
17,Ir. Faizah Laksita,(085) 161-5287,9,2022-03-27,188145166,sent
18,Chelsea Uyainah,+62 (033) 180 5620,3,2022-12-03,196770671,sent
19,Amalia Lestari,+62 (208) 106-1182,39,2022-12-24,285393902,sent
20,Balidin Uyainah,+62 (67) 333-3958,18,2022-02-27,249691426,sent
21,"drg. Ismail Hutasoit, S.Pd",+62 (42) 962 9571,38,2022-12-11,186492611,sent
22,Kairav Prayoga,(0502) 073-2890,19,2022-08-04,159306837,sent
23,"Shakila Prabowo, M.M.",+62 (211) 113-7836,23,2023-01-24,219913451,sent
24,Baktiono Anggriawan,(0646) 018 3632,23,2022-08-16,195095061,sent
25,"H. Dasa Winarno, S.E.",+62-036-596-1914,1,2022-06-26,163197572,sent
26,Daru Waskita,(094) 434 2156,16,2022-02-07,231476232,sent
27,Damu Wahyuni,+62 (29) 697 5712,24,2022-06-25,216984586,sent
28,R. Cici Wibowo,+62-003-855-6950,12,2022-08-20,260444565,sent
29,"Rahayu Waskita, S.Pd",+62-093-301-9051,37,2022-08-29,200440075,sent
30,Lantar Purnawati,(042) 207 6245,49,2022-10-17,256514528,sent
31,Putri Halimah,(0993) 247-3800,13,2022-08-29,187820934,sent
32,"Hj. Puji Ardianto, M.Pd",+62 (416) 684 9366,47,2022-09-29,276918265,sent
33,Karja Handayani,+62 (0492) 386 3224,46,2022-07-10,163386737,sent
34,"Salsabila Usada, S.Sos",0854783783,50,2023-01-25,280566519,sent
35,Ira Zulaika,(008) 362 0943,29,2022-03-25,206388670,sent
36,Edison Pranowo,+62 (496) 208-5234,47,2022-03-10,217121514,sent
37,Harjasa Nashiruddin,+62 (013) 664-7208,8,2022-04-15,266410740,sent
38,Dr. Uchita Puspita,(0083) 326 3878,47,2022-08-17,243914408,sent
39,Vinsen Sinaga,(0494) 864 1854,1,2022-04-11,178690906,sent
40,"R.M. Ian Jailani, S.Gz",(058) 724-2684,36,2022-12-29,232689214,sent
41,Galiono Zulkarnain,(037) 486-8401,3,2022-11-15,280482003,sent
42,Kayla Jailani,+62 (026) 378-3775,5,2022-05-13,161609237,sent
43,Cut Dian Sudiati,089 151 7248,1,2022-10-21,271246922,sent
44,"drg. Paiman Handayani, M.Farm",(077) 177 5606,34,2022-10-30,251333326,sent
45,"Drs. Hardi Usada, M.Kom.",+62 (237) 240 9149,5,2022-08-28,237419298,sent
46,R.M. Mulya Haryanto,(0991) 847 8576,1,2022-07-26,211521215,sent
47,"Novi Nuraini, S.IP",+62 (010) 244-1125,17,2022-09-22,252914485,sent
48,"Tgk. Laras Pranowo, S.Farm",+62 (003) 152 0259,17,2022-05-03,176166821,sent
49,"Darimin Sihombing, S.Psi",(0653) 010 9766,15,2022-05-03,245413943,sent
50,Heru Astuti,(0008) 963-1315,30,2022-09-20,166704792,sent
51,"T. Gangsa Yuliarti, S.IP",+62-0775-079-9456,18,2022-12-09,286360340,sent
52,"dr. Panca Oktaviani, S.H.",+62 (015) 807-4835,44,2022-06-22,276631453,sent
53,"Shakila Mulyani, S.Pd",(041) 737 7758,21,2022-08-25,171060427,sent
54,"Cengkal Saefullah, S.I.Kom",+62 (97) 117 6531,31,2022-12-09,229105860,sent
55,Ciaobella Salahudin,(088) 540-7613,47,2022-12-15,189631043,sent
56,Tgk. Jayadi Pradipta,088 962 2131,19,2022-09-23,261697324,sent
57,Rahmi Safitri,+62-15-647-1177,32,2022-07-20,235823477,sent
58,"Cut Sadina Mulyani, S.E.",+62 (02) 758 4633,50,2022-11-25,266831470,sent
59,Farah Saragih,(092) 235 2625,9,2022-12-07,166088279,sent
60,"Oliva Yulianti, S.Pt",086 848 9208,9,2022-07-24,168533824,sent
61,Gading Hasanah,+62 (025) 844 8482,7,2022-07-14,240235171,sent
62,Drs. Arsipatra Nababan,+62 (0425) 893 4958,50,2022-12-15,275198572,sent
63,Mursita Thamrin,+62 (218) 378 9970,49,2022-11-28,157966307,sent
64,Puti Kusmawati,+62-0137-045-2968,18,2023-01-02,233259863,sent
65,Cici Sihotang,084 247 2174,35,2022-10-26,254244229,sent
66,Rachel Sihombing,+62 (0354) 917-8259,33,2022-09-08,264338943,sent
67,Karen Wacana,+62-057-841-0440,27,2023-01-30,205617308,sent
68,Siti Winarno,+62-0067-185-2993,44,2022-03-09,178873802,sent
69,Soleh Marpaung,+62-09-322-7896,32,2022-07-29,217346096,sent
70,"Jindra Ardianto, S.E.I",+62 (0618) 907-7989,45,2022-07-03,213063824,sent
71,"dr. Prabawa Hasanah, S.Pd",+62 (05) 042 0538,20,2022-02-06,254131170,sent
72,Siska Haryanto,(037) 870 6169,43,2022-12-01,282487835,sent
73,Tgk. Bakda Aryani,+62-96-052-8482,15,2022-06-17,171021657,sent
74,Ir. Puspa Prastuti,+62 (087) 843 1577,12,2022-09-09,157653079,sent
75,Harja Zulkarnain,+62 (0746) 267 7074,2,2022-05-22,286543064,sent
76,Genta Maryati,+62 (0861) 405 6035,6,2022-04-14,191700204,sent
77,Icha Novitasari,(0806) 649 2462,46,2022-11-17,205046774,sent
78,Olivia Wibisono,+62-33-515-1216,20,2022-09-25,177095750,sent
79,Drs. Cinta Mahendra,+62-16-732-1062,19,2022-02-15,173070258,sent
80,Cut Natalia Maryati,+62-0188-606-8446,36,2022-10-12,170474632,sent
81,Iriana Usamah,+62 (0575) 069-8707,49,2022-04-10,261168844,sent
82,Kadir Hassanah,+62 (018) 534 7711,2,2023-01-17,253541465,sent
83,Malika Mayasari,+62-76-839-4278,30,2022-07-08,287166537,sent
84,Cut Wani Hidayanto,(0310) 453 7002,36,2022-11-20,245668010,sent
85,"Tasnim Hutapea, S.Sos",(060) 772-1307,15,2022-07-04,183110756,sent
86,"Ciaobella Suwarno, S.Gz",+62-973-214-3222,43,2022-07-09,261188025,sent
87,"Lasmono Utami, S.Pd",+62 (484) 019 9437,47,2022-03-16,207191982,sent
88,Yulia Haryanti,0811970203,20,2022-02-24,236979208,sent
89,R.A. Betania Waluyo,(072) 982-0757,1,2022-05-30,209307068,sent
90,Tgk. Rina Suwarno,+62 (041) 389 3198,10,2022-04-21,193449527,sent
91,"Hj. Farhunnisa Rajasa, S.Gz",+62-035-575-3296,36,2022-08-22,260905271,sent
92,Janet Waluyo,+62 (462) 920 4766,25,2022-04-08,278781522,sent
93,Luis Hassanah,+62-05-688-4894,6,2022-07-13,184022301,sent
94,Nadia Prabowo,(049) 009-9533,46,2022-08-02,293692480,sent
95,"Saiful Firmansyah, S.T.",+62 (0257) 415-4084,21,2022-08-09,234725904,sent
96,Marsudi Wasita,(008) 778-2950,23,2023-01-09,167391554,sent
97,"R. Jelita Nashiruddin, S.Kom",+62 (0477) 633-2660,7,2022-08-06,268903881,sent
98,"R. Dalima Dongoran, S.Psi",+62 (007) 178-4107,28,2022-07-24,240638565,sent
99,R. Janet Winarno,+62-816-132-0390,20,2022-12-15,187426956,sent
100,Jaiman Riyanti,+62 (51) 625 0878,42,2022-09-26,240401192,sent
101,R. Genta Prasetyo,+62 (753) 720-7170,1,2022-07-22,205972586,sent
102,Ir. Farah Saptono,+62 (818) 345 0417,26,2022-12-30,193854077,sent
103,"Drs. Siti Sihombing, M.Farm",+62 (888) 703 8728,31,2022-11-04,282348209,sent
104,Bahuwarna Marpaung,+62 (86) 529 9453,48,2022-07-24,200558873,sent
105,Sakura Januar,+62 (744) 611-9894,17,2022-06-02,182030792,sent
106,Suci Sihotang,+62 (670) 442-4341,11,2022-09-26,228656176,sent
107,Pia Kusmawati,+62-07-966-1628,39,2022-10-09,283945796,sent
108,Kanda Prakasa,+62-885-434-2250,36,2023-01-18,179872604,sent
109,Purwadi Purwanti,088 239 0819,18,2022-10-26,198069551,sent
110,Queen Purwanti,087 431 4227,28,2022-04-29,260774844,sent
111,Baktiono Yulianti,+62 (0427) 765 5545,11,2022-07-30,252335830,sent
112,Widya Nashiruddin,(012) 070-0254,27,2023-01-28,273295927,sent
113,Bella Marpaung,+62 (0748) 812-9241,26,2022-06-11,280051214,sent
114,Ihsan Padmasari,+62-102-547-1611,16,2022-06-24,197469136,sent
115,"Usyi Januar, S.Kom",+62 (689) 565-3625,33,2022-03-13,200761135,sent
116,Kemal Samosir,+62 (36) 019 2862,20,2022-08-14,288742978,sent
117,"Nadine Manullang, S.T.",+62-96-895-2175,14,2022-10-14,277149615,sent
118,Febi Thamrin,+62-51-177-6527,29,2022-08-08,225455208,sent
119,"Tgk. Talia Aryani, S.Pd",(0589) 060-5052,15,2022-11-08,243791491,sent
120,Drs. Hari Siregar,+62 (0275) 955-6480,48,2023-01-01,202894688,sent
121,Cager Halimah,(0761) 824 0894,35,2022-07-25,272018766,sent
122,"Ciaobella Hutapea, M.Pd",+62-36-263-3915,29,2022-10-21,232007131,sent
123,Nrima Usada,(0436) 007 8536,25,2022-08-26,258885174,sent
124,Dartono Safitri,+62 (0026) 155 9581,24,2022-11-27,292773945,sent
125,"Ir. Agnes Widiastuti, S.E.I",+62-0460-845-8506,25,2022-12-09,185402075,sent
126,"Daryani Lestari, S.T.",+62 (086) 922 3663,36,2022-12-12,185964777,sent
127,Wardaya Kuswoyo,+62 (493) 533-0990,11,2022-12-25,265333675,sent
128,"Ika Mardhiyah, S.Gz",+62-621-615-6677,36,2022-12-09,225095003,sent
129,Cahya Santoso,+62 (078) 328 8408,31,2022-06-21,225593255,sent
130,H. Mulyanto Mulyani,0840151415,40,2022-03-27,228655881,sent
131,Carub Halimah,+62 (208) 578 6345,3,2022-06-24,167464927,sent
132,dr. Joko Wijayanti,+62 (815) 671-7988,10,2022-02-14,246399044,sent
133,Clara Kusumo,0808842358,2,2022-05-24,158472693,sent
134,Jail Sihotang,(095) 481-1033,33,2022-10-08,282737255,sent
135,Endah Suwarno,+62-0209-539-7794,14,2022-05-23,196992511,sent
136,Upik Oktaviani,(0372) 415 7446,1,2022-12-25,170397013,sent
137,"Dr. Edi Mandala, M.Farm",+62-61-044-6073,24,2022-08-04,246369765,sent
138,Muni Kusmawati,+62-020-373-8058,45,2022-11-30,290529809,sent
139,Kajen Pradana,+62-0242-280-8620,3,2022-11-14,243052778,sent
140,Zahra Pradana,+62-080-191-9172,21,2022-08-17,173712218,sent
141,Siska Marbun,+62 (72) 202 8261,38,2022-03-25,287390080,sent
142,Hasim Nuraini,(0251) 738-5178,45,2022-05-27,297708855,sent
143,Warta Hardiansyah,+62 (731) 808-4591,50,2023-01-13,247982907,sent
144,Ika Mulyani,+62-027-141-6185,40,2022-05-16,242221970,sent
145,Candrakanta Aryani,+62-0733-449-7268,21,2022-04-16,162735576,sent
146,KH. Aslijan Latupono,+62-056-841-6520,28,2022-06-08,222242086,sent
147,Maras Namaga,082 487 7681,33,2022-11-23,264824897,sent
148,"R. Widya Laksmiwati, M.TI.",+62 (0436) 162-6041,16,2022-07-14,232173697,sent
149,"Drs. Putri Yolanda, M.Ak",(024) 418 0416,39,2022-05-08,248547504,sent
150,"Maras Suryatmi, M.Farm",+62 (0681) 364 5414,48,2022-09-13,225760399,sent
151,Simon Sirait,(0359) 523-3682,13,2022-10-02,241330893,sent
152,Danu Aryani,+62 (090) 508-0491,21,2022-07-10,290268088,sent
153,Syahrini Hartati,(000) 303-1102,9,2022-08-12,255916885,sent
154,Dt. Daruna Nurdiyanti,+62 (0197) 646-4609,18,2022-04-13,160333963,sent
155,Najib Wahyudin,+62 (470) 311 0332,46,2022-05-14,196236891,sent
156,Radika Napitupulu,+62-099-152-3172,41,2022-11-28,261881822,sent
157,Kezia Hariyah,+62 (282) 266 5812,3,2022-03-12,229876725,sent
158,"H. Kawaca Ardianto, S.T.",+62 (74) 027 4917,6,2023-01-18,242192200,sent
159,"R.A. Hesti Wasita, M.Farm",+62-0669-142-3014,6,2022-03-16,205497890,sent
160,Laksana Siregar,(078) 876 9659,25,2022-10-30,210555425,sent
161,"Yani Prabowo, M.M.",(0872) 772 9738,37,2022-12-04,232405320,sent
162,Ibun Sitorus,(035) 993-3267,34,2022-11-16,170208040,sent
163,Jamil Simbolon,+62-0521-430-0313,29,2023-01-10,291187861,sent
164,Jamalia Nuraini,+62 (55) 501-7833,41,2023-01-24,180376554,sent
165,Asmadi Wibisono,+62-086-078-8565,23,2022-07-18,254996211,sent
166,Gading Sihombing,(048) 622-6125,13,2022-12-16,231249275,sent
167,Tira Marbun,+62 (093) 656 7322,28,2022-07-01,166193943,sent
168,"dr. Luis Waluyo, S.E.I",+62-0191-659-4014,9,2022-02-14,167607088,sent
169,"Dr. Maya Gunarto, M.Farm",+62-612-495-3776,25,2022-12-23,197747573,sent
170,Galiono Prakasa,+62-979-124-7996,2,2022-06-06,253379944,sent
171,Rahmat Saptono,082 624 3685,44,2022-04-05,298581000,sent
172,"Hj. Yuliana Firgantoro, S.E.",+62 (0077) 347-0801,19,2022-06-25,280681738,sent
173,R.M. Ozy Prasetyo,(0918) 803 8417,42,2022-06-20,197447319,sent
174,"Tgk. Mustofa Andriani, S.E.",+62 (0632) 253-4057,6,2022-08-25,233662110,sent
175,"Caraka Ardianto, S.Sos",(0947) 721 7478,16,2022-03-15,220541170,sent
176,Dr. Putri Jailani,+62 (978) 896 7318,20,2022-04-02,228273362,sent
177,Kartika Zulkarnain,+62 (0714) 841 5138,35,2022-09-09,285248193,sent
178,Ghani Wibisono,+62-0629-255-7297,24,2022-08-29,167353662,sent
179,Kani Mandasari,+62 (84) 712 6657,37,2022-11-03,223281358,sent
180,Gadang Siregar,0827368295,30,2022-10-08,241273979,sent
181,Nurul Pranowo,+62 (058) 464 7219,11,2022-10-16,184435433,sent
182,Jefri Damanik,+62 (0288) 396-8097,49,2022-12-07,168041600,sent
183,Endra Pudjiastuti,+62-56-946-2077,14,2023-01-31,290909395,sent
184,Najwa Lestari,(0613) 372-8486,4,2022-03-16,269718813,sent
185,R.A. Gilda Widodo,(053) 343-5364,39,2022-11-09,176308707,sent
186,"Puti Uchita Safitri, M.Ak",0834093091,23,2022-09-27,248966327,sent
187,Sakura Hidayanto,+62 (615) 216 9711,34,2022-06-26,267895894,sent
188,Latika Waluyo,+62 (856) 593-8193,25,2022-06-03,228655137,sent
189,Ibrahim Mandasari,+62 (089) 933-5399,44,2022-07-04,291795082,sent
190,Hilda Adriansyah,+62 (648) 255-3408,11,2022-08-29,222128128,sent
191,Kurnia Najmudin,+62 (0313) 123-3603,28,2022-04-04,292361132,sent
192,Gina Habibi,+62 (214) 392 8650,28,2022-08-12,185431369,sent
193,Cut Kamaria Mangunsong,+62-506-628-1698,45,2022-07-20,266340778,sent
194,"Johan Winarsih, M.M.",+62 (0175) 151 8925,7,2022-11-17,206122394,sent
195,Tugiman Zulaika,(0088) 335-8216,47,2022-10-29,177034839,sent
196,"KH. Mariadi Mahendra, M.Kom.",+62 (00) 018 4224,8,2022-05-09,282628326,sent
197,"KH. Ganep Nababan, S.E.I",+62 (0274) 002 9034,43,2022-05-19,204130984,sent
198,"Paulin Kuswandari, S.H.",+62 (0874) 908-3796,17,2022-10-13,190809578,sent
199,Tgk. Karen Sihombing,+62 (090) 758-4593,49,2022-03-01,211324719,sent
200,"Tgk. Irma Pertiwi, S.E.",+62 (21) 269-9440,19,2023-01-05,257171063,sent
201,"Drs. Iriana Rahayu, M.Kom.",+62-70-000-6360,17,2022-02-12,269810504,sent
202,Emin Santoso,+62 (0177) 940 6157,11,2023-01-23,260458732,sent
203,Raina Wibowo,+62 (0144) 554 7113,14,2023-01-12,262877868,sent
204,Catur Latupono,+62-882-564-4396,13,2022-09-04,295155136,sent
205,Tari Maheswara,(006) 775-1340,3,2022-06-08,171666071,sent
206,Iriana Lestari,086 725 7592,27,2022-09-21,206443670,sent
207,Perkasa Kusmawati,(060) 633 2807,4,2022-10-28,233654023,sent
208,Bella Halim,+62-672-864-7853,7,2022-07-29,286638169,sent
209,Calista Mardhiyah,083 647 3923,4,2022-07-26,216523227,sent
210,Wani Utama,+62-07-897-6102,24,2022-11-22,236399031,sent
211,Dr. Belinda Uyainah,+62-063-941-5061,16,2022-04-29,269031428,sent
212,Gandi Hardiansyah,+62-460-670-9150,32,2022-10-15,241101740,sent
213,"Dr. Sabrina Rajata, M.TI.",+62-11-508-3845,30,2022-06-05,266680484,sent
214,Karimah Maryadi,(0482) 726-6200,48,2022-11-09,209019295,sent
215,Rachel Mangunsong,(0671) 004 5353,33,2022-12-29,183979904,sent
216,Wani Sihombing,+62 (256) 634 2370,1,2022-02-13,280162764,sent
217,"Setya Salahudin, S.Farm",089 737 1463,14,2022-09-11,282686490,sent
218,Mahmud Sirait,+62 (787) 859 7106,30,2022-10-25,202883780,sent
219,"Drs. Darimin Wibisono, S.Psi",+62 (327) 817 0236,8,2022-11-18,203365709,sent
220,"Drs. Jindra Hariyah, M.Kom.",+62-927-197-2419,27,2022-04-19,182747222,sent
221,dr. Tina Lestari,+62 (065) 857 7760,22,2022-11-26,221544709,sent
222,Violet Waluyo,+62 (0980) 678 2798,43,2022-08-13,293727909,sent
223,"Raihan Mardhiyah, S.IP",(036) 269 2897,3,2022-09-22,176885833,sent
224,"Fathonah Sihombing, S.Farm",+62 (266) 318 0093,6,2022-07-11,268131539,sent
225,Kacung Pradana,(094) 515 2411,12,2023-01-07,193242653,sent
226,Julia Rahimah,+62 (000) 959 1312,19,2022-08-27,233354752,sent
227,Nadia Zulaika,+62 (088) 330-9586,35,2022-05-09,158468880,sent
228,Salwa Mayasari,080 759 8326,34,2022-11-17,194316392,sent
229,"Drs. Titin Hasanah, S.Pd",(079) 154 1709,2,2022-12-24,245063289,sent
230,"Tirtayasa Pradana, S.Sos",(0124) 054-7667,14,2022-05-14,175071646,sent
231,Gandi Yolanda,+62 (0508) 168 8026,20,2022-12-03,191450335,sent
232,"Padmi Wijayanti, S.Psi",086 283 4705,45,2022-02-05,167531078,sent
233,Kenari Yuliarti,(0514) 120 2783,48,2022-03-11,271932780,sent
234,Hendri Fujiati,+62 (982) 324 1076,4,2022-08-30,169886304,sent
235,Cawisono Sinaga,(062) 235 2522,18,2022-07-22,222179858,sent
236,"Kemal Haryanto, S.IP",+62 (081) 797 3797,2,2022-03-15,198413507,sent
237,"Nrima Prakasa, S.Psi",+62 (0853) 978 1748,20,2022-08-15,241649305,sent
238,"Cinta Wasita, M.M.",+62-85-832-0096,35,2022-03-03,200569697,sent
239,Rina Palastri,+62 (813) 416-6024,30,2022-03-19,195414292,sent
240,Baktianto Winarno,+62-062-563-6589,17,2022-09-30,209280088,sent
241,Tgk. Ibrani Sitompul,+62 (0759) 948-3728,38,2022-05-18,201117846,sent
242,R.M. Daniswara Tarihoran,+62 (458) 883-1393,49,2022-05-15,261801024,sent
243,Drs. Agus Aryani,+62 (10) 816 3703,35,2022-06-09,294993543,sent
244,R. Elma Firmansyah,(0766) 646 9299,23,2022-11-12,264471916,sent
245,Puti Sakura Andriani,(0442) 035 2134,11,2022-04-04,183281498,sent
246,Wulan Najmudin,+62 (005) 034-1111,15,2022-11-03,285319797,sent
247,Winda Sirait,+62-054-932-0096,29,2022-09-23,155748412,sent
248,Faizah Saptono,+62-157-076-9745,40,2022-06-13,292753739,sent
249,Ghaliyati Mangunsong,(018) 468-5397,7,2022-06-27,189858627,sent
250,Hj. Zelaya Namaga,+62 (080) 553 5087,15,2022-12-06,260513346,sent
251,Unjani Laksita,+62 (081) 469-8163,24,2022-05-17,281079637,sent
252,Kezia Hasanah,081 490 8086,24,2022-09-01,274999060,sent
253,Widya Firgantoro,+62-45-539-5205,2,2022-03-05,211599523,sent
254,Ian Budiman,+62 (085) 271 1840,26,2022-05-16,234082317,sent
255,Prakosa Simanjuntak,+62 (237) 669-2110,27,2022-05-26,164019052,sent
256,Ir. Lili Salahudin,+62 (80) 462-0546,13,2022-02-24,212078944,sent
257,Najwa Marpaung,+62 (0778) 382-1856,2,2022-09-15,232460621,sent
258,"Ir. Baktianto Pudjiastuti, S.Sos",+62 (059) 198 8709,44,2022-12-27,267462126,sent
259,"Tgk. Cakrawala Usada, S.Sos",+62-096-092-8177,27,2022-03-12,226261367,sent
260,"Ira Wijayanti, S.Psi",(0811) 956-2892,49,2022-03-08,295421640,sent
261,drg. Darmanto Purwanti,(0817) 959 9148,50,2022-07-03,185253108,sent
262,"Darsirah Maryadi, S.I.Kom",+62 (52) 291 2584,37,2022-10-13,154920843,sent
263,Usman Widiastuti,+62 (033) 140-5265,40,2022-10-11,278430916,sent
264,Chandra Hidayanto,+62 (78) 238-7289,14,2022-03-12,204123148,sent
265,Jatmiko Sitorus,(023) 612-7786,37,2022-09-12,228028070,sent
266,"Tgk. Calista Hutapea, S.Sos",(027) 571 0736,37,2022-11-18,263965835,sent
267,"Gaduh Kusumo, M.TI.",0805516439,33,2022-07-10,227900983,sent
268,Purwanto Hutagalung,+62 (092) 853 3876,49,2022-10-05,166957658,sent
269,Dina Nurdiyanti,+62-0111-329-5219,33,2023-01-15,165851434,sent
270,Wani Wibowo,(020) 142-8159,48,2022-03-08,156582546,sent
271,"Salsabila Hutapea, S.Pt",+62 (0318) 552-9727,9,2022-03-25,273596391,sent
272,Umaya Halim,+62 (57) 346 2778,9,2022-06-18,219012710,sent
273,Sabar Latupono,+62-0449-606-6110,35,2022-05-16,242757229,sent
274,"Ir. Yessi Usamah, S.E.I",+62 (0185) 875-9160,19,2022-04-24,169245760,sent
275,Safina Puspasari,0826875642,28,2022-06-01,183446371,sent
276,"dr. Hasna Rajata, S.H.",+62 (32) 131-3256,41,2022-11-25,265394403,sent
277,"Dimaz Wahyudin, S.Kom",(0686) 446 1816,2,2023-01-26,240196014,sent
278,Puji Budiman,(0257) 315-8021,42,2023-01-04,168406971,sent
279,"Pia Permata, S.H.",080 222 3320,25,2022-02-10,221613800,sent
280,Rafid Kurniawan,+62 (0135) 119-2938,38,2022-12-10,252055663,sent
281,Wirda Saefullah,+62-626-402-5119,17,2022-11-18,158429999,sent
282,Cakrabirawa Namaga,+62-087-512-8345,38,2022-04-09,274826489,sent
283,Jarwadi Kusumo,(0235) 193 5759,38,2022-06-10,188797757,sent
284,Zizi Irawan,+62 (014) 446-5314,26,2022-02-19,227422098,sent
285,Tgk. Wardaya Dongoran,+62 (480) 862-1898,22,2022-10-22,270860523,sent
286,Lili Pranowo,+62 (601) 659 6102,50,2022-06-18,168349964,sent
287,Eluh Prastuti,(026) 472-9796,18,2022-08-26,268170844,sent
288,Ir. Mahfud Ardianto,0852492351,50,2022-10-20,208248785,sent
289,"KH. Gantar Susanti, M.Ak",+62 (0679) 853 5043,42,2022-11-24,258953132,sent
290,Jessica Permadi,+62-068-539-7439,39,2022-05-28,293731230,sent
291,Mila Purwanti,(0438) 673-7173,8,2022-03-14,292416165,sent
292,Drs. Embuh Tarihoran,+62 (080) 815 6590,49,2022-11-04,208448591,sent
293,R.A. Hamima Natsir,+62-032-759-8129,13,2022-10-04,289325187,sent
294,Rafi Firmansyah,+62 (0462) 623-6528,40,2022-04-19,176770381,sent
295,Bakidin Situmorang,(0440) 037 4800,26,2022-05-20,157767694,sent
296,Restu Nababan,+62-0236-767-0935,30,2023-01-05,188420205,sent
297,Vera Suryatmi,(0080) 073 5411,31,2022-07-27,150814660,sent
298,"Bancar Riyanti, S.Psi",+62 (105) 200 7103,44,2022-06-03,258690571,sent
299,Chelsea Wahyuni,+62 (992) 790 0618,6,2022-08-26,186802260,sent
300,"Ir. Puji Kurniawan, S.Kom",+62 (0615) 200-7331,24,2023-01-06,159765927,sent
301,Azalea Laksita,+62 (0420) 897 8067,30,2022-04-21,178945302,sent
302,Fathonah Hidayat,(0862) 117-8150,2,2022-12-07,263670065,sent
303,Niyaga Simanjuntak,+62 (067) 332-2040,30,2022-06-13,222793403,sent
304,Vanesa Hidayanto,(0861) 481-6214,22,2022-12-28,218528068,sent
305,"Karimah Sinaga, M.M.",+62 (13) 597 3410,40,2022-05-27,281308414,sent
306,"Simon Waskita, S.T.",(0435) 930 6353,25,2022-07-20,201937923,sent
307,Himawan Iswahyudi,+62 (0195) 234 6722,17,2022-06-03,272378597,sent
308,Mulyanto Halim,+62 (0538) 489-0055,17,2023-02-01,150769236,sent
309,Dr. Yessi Astuti,+62 (0158) 100 6211,25,2022-03-20,199357199,sent
310,R.A. Vera Wulandari,+62-091-821-3532,41,2022-02-18,150080791,sent
311,Fitria Maheswara,(071) 353 7573,14,2022-08-17,150862047,sent
312,Mala Farida,087 176 3957,13,2022-08-05,289276311,sent
313,"Hendra Winarno, S.E.",+62 (044) 109 5849,31,2022-06-26,246718574,sent
314,"Cornelia Pangestu, S.Ked",080 871 5691,19,2022-07-10,256288639,sent
315,"Tgk. Gaman Mandala, S.Gz",+62 (523) 604-5648,23,2022-05-11,176224445,sent
316,Febi Winarno,085 746 9151,20,2023-01-06,245242082,sent
317,Estiawan Siregar,(095) 157-4519,26,2022-06-25,218367432,sent
318,"Samiah Sudiati, S.Farm",+62-011-715-1877,28,2023-01-01,176660427,sent
319,drg. Padma Uyainah,+62 (669) 892 4458,25,2022-09-08,206686793,sent
320,Siska Hutapea,0823190746,42,2022-12-04,170826853,sent
321,"Wirda Pratiwi, S.IP",(025) 261 5531,1,2022-04-26,230443157,sent
322,"dr. Diah Pratama, S.T.",+62 (027) 156 2267,36,2022-11-14,226204723,sent
323,"Cager Fujiati, S.H.",+62-050-592-0952,7,2022-07-14,219966228,sent
324,Garda Hardiansyah,+62-737-540-3921,33,2023-01-05,213928079,sent
325,"Drs. Eva Farida, M.TI.",+62-089-891-8821,37,2022-06-28,266047762,sent
326,"R.M. Elon Namaga, S.Sos",+62-0594-636-4348,12,2022-04-22,181468499,sent
327,Xanana Uyainah,+62 (65) 829-3579,29,2022-12-28,209521052,sent
328,Wani Hartati,+62-09-230-8922,14,2023-01-21,192304117,sent
329,Jumari Haryanto,(055) 371-7644,7,2022-05-29,202081586,sent
330,Cayadi Ardianto,(074) 736-9614,8,2022-07-29,220506433,sent
331,Leo Dabukke,+62 (027) 442 5332,37,2022-12-06,262664523,sent
332,"Bakiono Melani, M.Ak",+62-0622-769-5933,26,2022-05-12,170813267,sent
333,Gandi Saefullah,0875446941,10,2022-04-02,292661283,sent
334,Tgk. Bakiadi Kuswoyo,+62 (312) 072 3362,14,2022-07-04,276596984,sent
335,Cager Mandala,+62 (038) 468 1093,1,2022-06-03,292185309,sent
336,Cut Rika Manullang,083 547 8384,11,2022-05-17,200572340,sent
337,Daryani Latupono,(016) 504-7398,21,2022-12-12,263870805,sent
338,Sari Mangunsong,0836453173,1,2022-03-11,279545094,sent
339,Ida Safitri,0890189344,4,2022-04-10,220945197,sent
340,Ratih Kuswandari,080 767 1110,43,2023-01-08,256169669,sent
341,Gatra Hardiansyah,(014) 100-1431,6,2022-07-28,172751323,sent
342,Janet Latupono,+62 (54) 311-9964,28,2022-12-29,191970931,sent
343,Puput Rajasa,+62-141-077-6862,37,2022-03-12,164912407,sent
344,Sutan Unggul Uwais,(031) 338-4142,20,2022-03-31,256418974,sent
345,Iriana Tampubolon,0874817374,47,2022-11-18,280492354,sent
346,Safina Wibisono,0890838383,27,2022-07-30,259560530,sent
347,Ir. Gamblang Melani,+62 (0754) 739-0999,11,2022-07-20,249779299,sent
348,Bambang Siregar,0877921115,40,2022-10-11,189625447,sent
349,"Tgk. Nasrullah Sihombing, M.Ak",+62 (091) 429-8175,39,2022-05-20,202449965,sent
350,Prabawa Waskita,+62-16-095-4193,33,2022-05-15,227950600,sent
351,"R. Najib Sihotang, S.Sos",0895648371,31,2022-04-17,164168998,sent
352,Ir. Yosef Hutasoit,(009) 522 9774,47,2022-07-17,269231774,sent
353,"Karna Mulyani, S.Pd",+62 (0738) 725 5066,8,2022-03-20,264300326,sent
354,"Cut Janet Nuraini, S.E.",(0383) 738 4488,43,2022-12-09,203047293,sent
355,Novi Utami,+62 (033) 442-6115,23,2022-11-05,248008968,sent
356,Hj. Kiandra Anggriawan,+62 (73) 102-6050,37,2022-12-30,265344241,sent
357,Rachel Wijayanti,+62 (000) 577-7637,34,2022-02-05,198650953,sent
358,Chelsea Prakasa,+62 (686) 041-6613,6,2023-01-16,152557874,sent
359,"Talia Simbolon, S.Pt",+62 (036) 537-9454,44,2023-01-25,174432463,sent
360,Mulyanto Oktaviani,+62 (609) 151-1696,27,2022-08-14,191537962,sent
361,Betania Pratama,+62-051-019-2037,36,2022-04-02,250299294,sent
362,Candra Hidayanto,+62 (39) 719 5241,30,2022-05-08,187286945,sent
363,"dr. Hamima Puspita, S.H.",(037) 216-5813,13,2022-05-10,256574928,sent
364,Estiawan Wijayanti,+62-89-658-2996,13,2022-07-16,286304293,sent
365,Prasetyo Sihotang,+62-480-219-2673,43,2022-11-03,247608150,sent
366,Umar Budiyanto,+62 (0773) 161-2145,34,2022-05-16,210280266,sent
367,Edi Suryono,(049) 023-7201,32,2022-11-20,157692957,sent
368,Puji Tarihoran,0801026996,34,2022-10-08,226224159,sent
369,"Salimah Utami, S.Ked",+62 (653) 774 1081,10,2022-10-24,167109380,sent
370,Karya Kuswandari,080 150 2076,20,2022-02-07,161272141,sent
371,"Patricia Kuswoyo, S.Psi",+62-098-515-7059,31,2022-12-24,239067142,sent
372,Humaira Waskita,+62 (0462) 510 5421,3,2022-02-10,166121501,sent
373,Iriana Oktaviani,(027) 818-3342,25,2022-05-09,235505870,sent
374,Diah Pangestu,(0315) 552 7223,27,2022-06-19,283636850,sent
375,"Dr. Ika Sinaga, S.E.I",+62 (019) 757-8069,5,2022-02-21,199059387,sent
376,Olga Mahendra,+62 (0684) 625-4228,39,2022-12-20,278083648,sent
377,"R.A. Jasmin Haryanto, S.E.",+62 (645) 088-6325,2,2022-11-11,284458598,sent
378,Harjo Santoso,(053) 427 1329,38,2022-05-16,261758411,sent
379,Kajen Safitri,0856895089,13,2022-03-01,212227209,sent
380,Ciaobella Winarsih,+62 (060) 387-0085,5,2022-06-13,264693195,sent
381,Alambana Oktaviani,0863941555,43,2022-10-21,228681327,sent
382,Indah Wijayanti,(0543) 482 1047,22,2022-06-12,228629501,sent
383,Balangga Tampubolon,+62-036-529-6477,12,2022-07-26,273618262,sent
384,"Ir. Bala Suryatmi, M.Farm",+62 (74) 919-1992,47,2022-09-10,253964671,sent
385,Cut Sadina Pratiwi,+62 (06) 517-4498,14,2022-11-19,259435205,sent
386,Putri Maheswara,(0393) 357 5620,10,2022-04-24,261066213,sent
387,dr. Zalindra Hidayanto,+62 (463) 750-6646,10,2022-03-30,283045821,sent
388,"Sutan Nasab Safitri, S.Psi",+62 (0563) 703-5304,5,2023-01-04,278461710,sent
389,"Ir. Jinawi Permata, M.Kom.",+62-0763-298-9715,12,2022-10-10,227086642,sent
390,"KH. Candrakanta Rahayu, S.T.",+62 (47) 618 3235,37,2022-11-27,247814149,sent
391,Garan Namaga,(044) 210-3951,41,2022-09-29,259554973,sent
392,Widya Aryani,+62 (0546) 818-7205,28,2022-02-16,260136846,sent
393,Yuni Nainggolan,+62 (0515) 324-0666,38,2022-09-28,244686564,sent
394,Hari Handayani,+62-039-511-4395,46,2023-01-03,152571232,sent
395,"Padmi Hidayanto, S.Psi",+62 (049) 383-2669,4,2022-06-18,190599478,sent
396,Taufik Najmudin,+62-01-943-6153,4,2022-05-02,270712276,sent
397,Kamila Palastri,+62 (0870) 922 4161,32,2023-01-13,179208657,sent
398,Hasan Pradipta,+62 (023) 487 7382,32,2022-08-24,223981434,sent
399,"Usyi Suartini, S.Psi",+62 (66) 928 6774,38,2023-01-24,263387909,sent
400,Hj. Olivia Siregar,+62 (051) 264 2556,34,2022-08-06,296895511,sent
401,Edi Latupono,(084) 511-7402,8,2022-12-06,299313618,sent
402,"Martani Firmansyah, S.Farm",(0553) 260-9170,43,2022-11-23,153282455,sent
403,"Cakrajiya Nainggolan, S.Pt",(0279) 552-3136,33,2022-02-04,169996385,sent
404,"Ilyas Pratama, M.Pd",+62 (997) 146-8924,35,2023-01-17,224266063,sent
405,"Dt. Jarwa Hassanah, M.Farm",+62 (448) 338 1948,40,2022-05-30,189049153,sent
406,Alika Kusmawati,(015) 918 1896,27,2022-04-18,251162444,sent
407,dr. Halim Aryani,(065) 024 4826,17,2022-05-08,252512315,sent
408,"Daryani Usamah, S.Sos",(0301) 388-4871,15,2022-11-25,263117555,sent
409,Raina Safitri,+62-33-280-2510,33,2022-08-07,205926227,sent
410,Bakti Mangunsong,+62 (012) 311-9645,12,2022-12-19,240903200,sent
411,Cut Padma Hassanah,(0090) 639 5505,31,2022-08-25,205300384,sent
412,Hamima Haryanti,086 104 1063,41,2022-11-01,218474752,sent
413,Nardi Sudiati,+62 (006) 548-5893,27,2022-04-18,255014055,sent
414,Genta Puspasari,+62 (0580) 057 0310,31,2022-12-28,252492775,sent
415,"Gilang Dabukke, M.Kom.",(0709) 639-7304,29,2022-12-26,294306650,sent
416,"Ir. Omar Utama, S.Pd",083 709 1558,42,2022-03-20,184432726,sent
417,Bajragin Melani,(0691) 004-1907,46,2022-04-22,221652633,sent
418,"dr. Karimah Hassanah, S.Pt",+62-06-913-1761,39,2022-03-11,221184668,sent
419,"Dr. Surya Budiman, M.Pd",084 114 3823,3,2022-11-11,156851464,sent
420,Sutan Banara Gunawan,0801685832,7,2022-03-23,168795473,sent
421,Cager Prakasa,+62 (0091) 603-4443,38,2022-03-14,198952520,sent
422,Hendra Puspasari,(0864) 544 6616,12,2022-06-04,231893069,sent
423,"Danu Hutapea, S.E.I",(062) 511-6171,15,2022-04-26,168239931,sent
424,Hesti Wulandari,080 056 4755,13,2023-01-02,157004670,sent
425,KH. Edward Irawan,+62-0925-079-5255,9,2022-06-24,281519268,sent
426,"Laksana Hidayat, M.M.",+62 (029) 805 9926,9,2022-05-10,210514132,sent
427,"Dr. Nurul Rahimah, S.Pt",+62 (0322) 804-3606,4,2022-02-15,171891721,sent
428,"R.A. Iriana Sitorus, M.TI.",+62-055-181-2873,40,2022-06-18,159265802,sent
429,H. Lurhur Kuswandari,(0631) 304-6368,44,2022-03-30,225069145,sent
430,Endra Handayani,+62 (037) 553-3082,26,2022-08-12,150987861,sent
431,Arsipatra Haryanti,+62 (0899) 304 9584,31,2022-10-27,275554592,sent
432,"R.M. Makara Haryanto, S.Psi",(0632) 977 2206,44,2022-02-04,186738546,sent
433,"Hari Utama, S.H.",087 522 4427,22,2022-12-05,234515732,sent
434,"Ana Hastuti, S.Gz",(0167) 149 2252,5,2022-02-06,249540380,sent
435,Eva Rajata,+62 (705) 518-1723,2,2022-08-21,200205267,sent
436,"Baktianto Purnawati, S.IP",+62-935-359-2559,34,2022-11-09,208866322,sent
437,Prabu Winarsih,+62 (955) 386-9428,15,2022-07-06,191052701,sent
438,"R.A. Febi Wijaya, S.Psi",+62 (10) 778 7385,18,2022-08-13,258393346,sent
439,Gambira Mansur,0892056697,22,2022-07-14,153777649,sent
440,Darman Puspita,+62-04-105-0230,30,2022-02-08,156289462,sent
441,dr. Zulaikha Sihombing,+62 (0917) 070-7284,24,2022-06-30,202558298,sent
442,Dono Usamah,(0304) 195 6666,36,2022-04-01,183195605,sent
443,Dt. Aswani Januar,0872589448,24,2022-05-28,189576476,sent
444,"Titi Sitompul, S.Pt",+62 (073) 838-1016,8,2022-07-12,256755113,sent
445,Cecep Anggraini,085 788 8289,49,2022-07-03,286467057,sent
446,"Luwar Pradana, S.Psi",+62-059-753-1856,43,2022-08-27,272116689,sent
447,Ida Zulaika,+62 (076) 211-7485,34,2022-08-16,284105060,sent
448,"Zahra Yuniar, M.Ak",+62-089-202-8355,20,2022-08-13,298922151,sent
449,"T. Harjo Saptono, S.Pd",+62 (204) 659 1903,27,2023-01-07,150910478,sent
450,KH. Balangga Prabowo,088 644 1364,4,2022-07-29,169442059,sent
451,Hj. Mutia Nashiruddin,+62 (0198) 675-1082,27,2022-07-09,231790352,sent
452,"Dt. Kawaca Pradana, S.Psi",+62 (080) 777-1414,6,2022-02-07,191622048,sent
453,R. Koko Ramadan,+62 (36) 747 8439,42,2022-08-10,285189902,sent
454,"Daryani Hutapea, S.Psi",+62 (95) 722 7975,30,2022-05-10,156458713,sent
455,Tgk. Patricia Januar,+62 (0329) 619-6785,22,2022-03-27,175950216,sent
456,Daliman Dabukke,+62 (0167) 805-6253,8,2022-02-15,244963141,sent
457,"Sutan Raden Fujiati, S.Pd",(056) 160-5078,23,2022-05-15,240982249,sent
458,"Iriana Kurniawan, S.Pd",(0919) 329-3455,26,2022-03-30,212446383,sent
459,"Ir. Jaswadi Sitompul, M.Kom.",+62 (083) 149 9184,2,2022-10-05,175640433,sent
460,"Natalia Mahendra, S.Farm",(083) 124-9645,37,2022-10-05,205640446,sent
461,Mulyono Astuti,(001) 254 6045,36,2022-06-08,232560912,sent
462,Garang Manullang,+62 (042) 905-2752,29,2022-02-22,233634719,sent
463,Gasti Rahayu,+62-001-683-3239,44,2022-08-12,170191540,sent
464,R. Hesti Permadi,+62 (046) 983-5301,34,2022-03-09,280735939,sent
465,Tgk. Rafid Gunarto,+62 (430) 638-7735,16,2022-10-15,295830174,sent
466,dr. Keisha Rajasa,+62-332-784-3969,15,2022-07-23,153694270,sent
467,"Dr. Bakiman Putra, S.Psi",0820196410,19,2023-01-25,183165381,sent
468,Zaenab Habibi,+62-34-655-0023,18,2023-01-26,297256260,sent
469,"Umay Maryati, S.H.",+62-36-731-3728,4,2022-09-16,224736009,sent
470,Lili Simbolon,+62-0036-746-1039,3,2022-10-04,218885752,sent
471,Ratna Sitompul,+62 (029) 453-1112,30,2022-11-15,268589344,sent
472,"drg. Fitriani Nashiruddin, S.I.Kom",(084) 004 8595,8,2022-11-06,224498261,sent
473,KH. Ibrani Hutagalung,+62 (207) 752-4313,47,2022-07-03,246769557,sent
474,"R.A. Laras Yuliarti, S.Psi",+62-027-485-9709,41,2023-01-03,266571173,sent
475,Candrakanta Puspasari,+62 (658) 869 5099,48,2022-06-07,165957464,sent
476,"Hj. Ida Suryatmi, S.Kom",(0936) 145 0471,41,2022-11-01,181426667,sent
477,"Kurnia Iswahyudi, S.E.I",+62 (21) 586-4782,30,2022-05-06,201430787,sent
478,Olivia Puspita,+62-056-052-3836,33,2022-03-11,250730929,sent
479,Cut Gasti Situmorang,(0156) 468 8593,37,2022-05-04,171070085,sent
480,Yuliana Thamrin,+62 (035) 970 6511,19,2022-03-11,294047305,sent
481,Dt. Paiman Nasyidah,(026) 507 6534,23,2022-02-13,214229774,sent
482,Mahfud Handayani,+62 (019) 347 8248,46,2023-01-13,214873131,sent
483,"Lanjar Saptono, S.H.",(080) 481 9789,18,2022-09-04,159907742,sent
484,Dr. Bagya Mardhiyah,+62 (75) 272-8283,34,2023-01-25,230300655,sent
485,Laila Narpati,083 407 1845,8,2022-04-15,288797747,sent
486,Gaman Usamah,+62 (98) 075 6690,31,2022-10-23,257699815,sent
487,"Drs. Shania Yuliarti, S.H.",(072) 398-4248,12,2022-08-05,171007040,sent
488,Kawaya Sihombing,+62 (0617) 371 5503,16,2022-04-22,241439000,sent
489,"dr. Kalim Kurniawan, S.IP",+62-0260-106-8645,47,2022-06-17,189282726,sent
490,Vega Prastuti,+62 (151) 242 4186,47,2022-07-06,167005254,sent
491,Kambali Sitorus,+62 (080) 798-8071,29,2022-11-19,231374732,sent
492,"Tgk. Tira Suwarno, S.Ked",+62-876-205-0146,36,2022-09-02,217419432,sent
493,"T. Jagapati Kurniawan, S.Ked",+62-0719-802-0514,17,2022-05-24,151882387,sent
494,Zulfa Saputra,+62 (0996) 874-6826,16,2022-09-07,176938858,sent
495,"Dr. Ina Pranowo, S.Gz",(0415) 274-8706,19,2022-07-26,231443682,sent
496,R.A. Fitria Sirait,(0461) 577 8232,19,2022-08-09,174590980,sent
497,Malika Situmorang,+62 (0984) 468-5366,16,2022-08-27,152261790,sent
498,Laras Nugroho,+62 (265) 129 3325,49,2022-05-07,259314204,sent
499,H. Makara Handayani,+62 (54) 084-8809,13,2022-12-13,209369568,sent
500,Malik Anggriawan,(0934) 005 3505,7,2023-01-29,268578301,sent
